No.	Group	signal	Possible errors	Possible reason for error	Interpretation	Why the signal matters
1	Agent	agent.a2a				
2	Agent	agent.agent_card				
3	Agent	agent.api_documentation				
4	Agent	agent.graphql				
5	Agent	agent.interface_links				
6	Agent	agent.mcp				
7	Agent	agent.oauth_metadata				
8	Agent	agent.openapi				
9	Agent	agent.tollbit_gateway				
10	Browser	browser.navigation				
11	Browser	browser.network_summary				
12	Browser	browser.rendered_document				
13	Crawler	crawler.ai_homepage_policies				
14	Crawler	crawler.ai_specific_user_agents				
15	Crawler	crawler.browser_http_difference				
16	Crawler	crawler.crawl_delays				
17	Crawler	crawler.homepage_policy_allowed				
18	Crawler	crawler.http_403_frequency				
19	Crawler	crawler.http_429_frequency				
20	Crawler	crawler.http_status_distribution				
21	Crawler	crawler.robots_exists				
22	Crawler	crawler.robots_status				
23	Crawler	crawler.sitemaps				
24	Crawler	crawler.user_agents				
25	Economic	economic.api_pricing				
26	Economic	economic.metering				
27	Economic	economic.pricing_links				
28	Economic	economic.registration_links				
29	Economic	economic.registration_required				
30	Economic	economic.subscription_required				
31	Human	human.authentication_challenge				
32	Human	human.browser_captcha_marker_visible				
33	Human	human.browser_cookie_wall_marker_visible				
34	Human	human.browser_login_marker_visible				
35	Human	human.browser_paywall_marker_visible				
36	Human	human.captcha_detected				
37	Human	human.cookie_wall_detected				
38	Human	human.geographic_restriction				
39	Human	human.homepage_accessible				
40	Human	human.homepage_content_type				
41	Human	human.homepage_final_url				
42	Human	human.homepage_status				
43	Human	human.http_access_disposition				
44	Human	human.javascript_required				
45	Human	human.login_required				
46	Human	human.paywall_detected				
47	Human	human.rate_limited				
48	Infrastructure	infrastructure.acceleration_hints				
49	Infrastructure	infrastructure.bot_management_hints				
50	Infrastructure	infrastructure.cache_headers				
51	Infrastructure	infrastructure.cache_status				
52	Infrastructure	infrastructure.cdn				
53	Infrastructure	infrastructure.cdn_hints				
54	Infrastructure	infrastructure.challenge_response				
55	Infrastructure	infrastructure.content_encoding				
56	Infrastructure	infrastructure.dns_provider				
57	Infrastructure	infrastructure.edge_location_hints				
58	Infrastructure	infrastructure.edge_provider				
59	Infrastructure	infrastructure.edge_response_hints				
60	Infrastructure	infrastructure.edge_service_hints				
61	Infrastructure	infrastructure.hosting_provider				
62	Infrastructure	infrastructure.http3_advertised				
63	Infrastructure	infrastructure.load_balancer_hints				
64	Infrastructure	infrastructure.response_cookie_fingerprints				
65	Infrastructure	infrastructure.response_headers				
66	Infrastructure	infrastructure.security_headers				
67	Infrastructure	infrastructure.server_header				
68	Infrastructure	infrastructure.waf				
69	Legal	legal.ai_restrictions				
70	Legal	legal.license				
71	Legal	legal.license_links				
72	Legal	legal.policy_links				
73	Legal	legal.scraping_restrictions				
74	Metadata	metadata.canonical_url				
75	Metadata	metadata.feeds				
76	Metadata	metadata.generator				
77	Metadata	metadata.html_language				
78	Metadata	metadata.html_title				
79	Metadata	metadata.json_ld				
80	Metadata	metadata.json_ld_types				
81	Metadata	metadata.llms_txt_exists				
82	Metadata	metadata.llms_txt_status				
83	Metadata	metadata.open_graph				
84	Metadata	metadata.opensearch_url				
85	Metadata	metadata.sitemap_child_sitemap_count				
86	Metadata	metadata.sitemap_document_type				
87	Metadata	metadata.sitemap_exists				
88	Metadata	metadata.sitemap_status				
89	Metadata	metadata.sitemap_url_count				
90	Metadata	metadata.web_manifest_url				
91	Network	network.dns_address_count				
92	Network	network.dns_addresses				
93	Network	network.dns_addresses_truncated				
94	Network	network.dns_canonical_name				
95	Network	network.dns_ip_families				
96	Network	network.dns_nameservers				
97	Network	network.dns_resolved				
98	Network	network.dns_soa_primary				
99	Network	network.http_version				
100	Network	network.tls_certificate_issuer				
101	Network	network.tls_certificate_not_after				
102	Network	network.tls_certificate_not_before				
103	Network	network.tls_certificate_verified				
104	Network	network.tls_cipher				
105	Network	network.tls_handshake				
106	Network	network.tls_version				
107	Preservation	preservation.archive_blocked				
108	Preservation	preservation.archive_coverage				
109	Preservation	preservation.cache_behavior				
110	Preservation	preservation.cache_header_hints				
